gender,bmi
female,30.37774924471299
male,30.943128698224854
