gender,children
female,1.0740181268882176
male,1.1153846153846154
