gender,charges
female,12569.578843835347
male,13956.751177721893
