children,charges
0,12365.975601635888
1,12731.171831635802
2,15073.563733958332
3,15355.318366815285
4,13850.6563112
5,8786.035247222222
