region,charges
northeast,13406.384516385804
northwest,12417.575373969232
southeast,14735.41143760989
southwest,12346.937377292308
